TA_GRADE,QUANT_GRADE,TM_TRADER_GRADE,ta_gradePCT,quant_gradePCT,tm_trader_gradePCT,NextDayReturn,NextClose
1.0,-0.06155567479285516,0.9992127539277065,0.06911028712411495,0.0177088887861238,0.11578489203689253,0.016878532347981423,0.3575665594066653
-0.06155567479285516,1.0,-0.022166727671137518,-0.018624541075278323,0.23076385530749058,-0.022435240480475738,-0.013695305689650838,0.19765318232880308
0.9992127539277065,-0.022166727671137518,1.0,0.06842794889710005,0.02632666543084942,0.11514661251805561,0.016752937424813905,0.3659749396731544
0.06911028712411495,-0.018624541075278323,0.06842794889710005,1.0,-0.04120636315680689,0.9711174424683426,-0.016604047027442143,-0.048297353460950335
0.0177088887861238,0.23076385530749058,0.02632666543084942,-0.04120636315680689,1.0,-0.004131214475162777,-0.04096531917554411,0.002158281338716274
0.11578489203689253,-0.022435240480475738,0.11514661251805561,0.9711174424683426,-0.004131214475162777,1.0,-0.010680384605667276,-0.03722053639190131
0.016878532347981423,-0.013695305689650838,0.016752937424813905,-0.016604047027442143,-0.04096531917554411,-0.010680384605667276,1.0,0.060554526702945415
0.3575665594066653,0.19765318232880308,0.3659749396731544,-0.048297353460950335,0.002158281338716274,-0.03722053639190131,0.060554526702945415,1.0
